"RelativePath"
"assets\images\7wonders\Chichen Itza (Mexico).avif"
"assets\images\7wonders\Great Wall of China.avif"
"assets\images\7wonders\Taj-Mahal.avif"
"assets\images\banner\africa.avif"
"assets\images\banner\asia.avif"
"assets\images\banner\australia.avif"
"assets\images\banner\north america.avif"
"assets\images\banner\north_america.avif"
"assets\images\deals\africa_safari.avif"
"assets\images\deals\asia_adventure.avif"
"assets\images\destinations\africa\1.avif"
"assets\images\destinations\africa\10.avif"
"assets\images\destinations\africa\11.avif"
"assets\images\destinations\africa\12.avif"
"assets\images\destinations\africa\13.avif"
"assets\images\destinations\africa\14.avif"
"assets\images\destinations\africa\15.avif"
"assets\images\destinations\africa\16.avif"
"assets\images\destinations\africa\17.avif"
"assets\images\destinations\africa\18.avif"
"assets\images\destinations\africa\19.avif"
"assets\images\destinations\africa\2.avif"
"assets\images\destinations\africa\20.avif"
"assets\images\destinations\africa\21.avif"
"assets\images\destinations\africa\22.avif"
"assets\images\destinations\africa\23.avif"
"assets\images\destinations\africa\24.avif"
"assets\images\destinations\africa\25.avif"
"assets\images\destinations\africa\26.avif"
"assets\images\destinations\africa\27.avif"
"assets\images\destinations\africa\28th card.avif"
"assets\images\destinations\africa\3.avif"
"assets\images\destinations\africa\4.avif"
"assets\images\destinations\africa\5.avif"
"assets\images\destinations\africa\6.avif"
"assets\images\destinations\africa\7.avif"
"assets\images\destinations\africa\8.avif"
"assets\images\destinations\africa\9.avif"
"assets\images\destinations\antarctica\1.avif"
"assets\images\destinations\antarctica\10.avif"
"assets\images\destinations\antarctica\11.avif"
"assets\images\destinations\antarctica\12.avif"
"assets\images\destinations\antarctica\13.avif"
"assets\images\destinations\antarctica\14.avif"
"assets\images\destinations\antarctica\15.avif"
"assets\images\destinations\antarctica\16.avif"
"assets\images\destinations\antarctica\17.avif"
"assets\images\destinations\antarctica\18.avif"
"assets\images\destinations\antarctica\19.avif"
"assets\images\destinations\antarctica\2.avif"
"assets\images\destinations\antarctica\20.avif"
"assets\images\destinations\antarctica\28th card.avif"
"assets\images\destinations\antarctica\3.avif"
"assets\images\destinations\antarctica\4.avif"
"assets\images\destinations\antarctica\5.avif"
"assets\images\destinations\antarctica\6.avif"
"assets\images\destinations\antarctica\7.avif"
"assets\images\destinations\antarctica\8.avif"
"assets\images\destinations\antarctica\9.avif"
"assets\images\destinations\asia\01 - intro.avif"
"assets\images\destinations\asia\02 - tian-shan-kyrgyzstan.avif"
"assets\images\destinations\asia\03 - japan.avif"
"assets\images\destinations\asia\04 - altai-mountains.avif"
"assets\images\destinations\asia\05 - china.avif"
"assets\images\destinations\asia\06 - myanmar - sri-lanka.avif"
"assets\images\destinations\asia\07 - indonesia - philippines.avif"
"assets\images\destinations\asia\08 - south-korea.avif"
"assets\images\destinations\asia\09 - mongolia.avif"
"assets\images\destinations\asia\10 - india - nepal.avif"
"assets\images\destinations\asia\11 - kyrgyzstan.avif"
"assets\images\destinations\asia\12 - palawan-philippines.avif"
"assets\images\destinations\asia\13 - sri-lanka.avif"
"assets\images\destinations\asia\14 - vietnam.avif"
"assets\images\destinations\asia\15 - bali - raja-ampat.avif"
"assets\images\destinations\asia\16 - japan.avif"
"assets\images\destinations\asia\17 - hong-kong.avif"
"assets\images\destinations\asia\18 - shanghai - guangzhou.avif"
"assets\images\destinations\asia\19 - singapore.avif"
"assets\images\destinations\asia\20 - taiwan.avif"
"assets\images\destinations\asia\21 - china.avif"
"assets\images\destinations\asia\22 - mongolia.avif"
"assets\images\destinations\asia\23 - palawan-philippines.avif"
"assets\images\destinations\asia\24 - indonesia.avif"
"assets\images\destinations\asia\25 - vietnam - laos.avif"
"assets\images\destinations\asia\26 - ishigaki-island-japan.avif"
"assets\images\destinations\asia\27 - india.avif"
"assets\images\destinations\asia\28 - himalayas-nepal.avif"
"assets\images\destinations\asia\28th card.avif"
"assets\images\destinations\asia\29 - altai-mountains.avif"
"assets\images\destinations\asia\30 - yardang-china.avif"
"assets\images\destinations\asia\31 - sri-lanka.avif"
"assets\images\destinations\asia\32 - thailand.avif"
"assets\images\destinations\asia\33 - cambodia - myanmar.avif"
"assets\images\destinations\asia\34 - shanghai.avif"
"assets\images\destinations\asia\35 - across-asia.avif"
"assets\images\destinations\asia\36 - tian-shan-kyrgyzstan.avif"
"assets\images\destinations\asia\37 - japan.avif"
"assets\images\destinations\asia\38 - altai-mountains.avif"
"assets\images\destinations\asia\39 - china.avif"
"assets\images\destinations\asia\40 - myanmar - sri-lanka.avif"
"assets\images\destinations\asia\41 - indonesia - philippines.avif"
"assets\images\destinations\asia\42 - south-korea.avif"
"assets\images\destinations\asia\43 - mongolia.avif"
"assets\images\destinations\asia\44 - outro.avif"
"assets\images\destinations\australia\28th card.avif"
"assets\images\destinations\australia\alice_springs.avif"
"assets\images\destinations\australia\auckland.avif"
"assets\images\destinations\australia\brisbane.avif"
"assets\images\destinations\australia\broome.avif"
"assets\images\destinations\australia\cairns.avif"
"assets\images\destinations\australia\canbera.avif"
"assets\images\destinations\australia\christchurch.avif"
"assets\images\destinations\australia\dunedin.avif"
"assets\images\destinations\australia\fiji.avif"
"assets\images\destinations\australia\gold coast.avif"
"assets\images\destinations\australia\gold_cost_hinderland.avif"
"assets\images\destinations\australia\great_barrier_reef.avif"
"assets\images\destinations\australia\hamilton.avif"
"assets\images\destinations\australia\hobart.avif"
"assets\images\destinations\australia\mebourne.avif"
"assets\images\destinations\australia\new_caledonia.avif"
"assets\images\destinations\australia\newcastle.avif"
"assets\images\destinations\australia\perth.avif"
"assets\images\destinations\australia\queenstown.avif"
"assets\images\destinations\australia\rotorua.avif"
"assets\images\destinations\australia\samao.avif"
"assets\images\destinations\australia\sydney.avif"
"assets\images\destinations\australia\tasmania.avif"
"assets\images\destinations\australia\tauranga.avif"
"assets\images\destinations\australia\tonga.avif"
"assets\images\destinations\australia\uluru.avif"
"assets\images\destinations\australia\vanuata.avif"
"assets\images\destinations\australia\wellington.avif"
"assets\images\destinations\europe\1.avif"
"assets\images\destinations\europe\10.avif"
"assets\images\destinations\europe\11.avif"
"assets\images\destinations\europe\12.avif"
"assets\images\destinations\europe\13.avif"
"assets\images\destinations\europe\14.avif"
"assets\images\destinations\europe\15.avif"
"assets\images\destinations\europe\16.avif"
"assets\images\destinations\europe\17.avif"
"assets\images\destinations\europe\18.avif"
"assets\images\destinations\europe\19.avif"
"assets\images\destinations\europe\2.avif"
"assets\images\destinations\europe\20.avif"
"assets\images\destinations\europe\21.avif"
"assets\images\destinations\europe\22.avif"
"assets\images\destinations\europe\23.avif"
"assets\images\destinations\europe\24.avif"
"assets\images\destinations\europe\25.avif"
"assets\images\destinations\europe\26.avif"
"assets\images\destinations\europe\27.avif"
"assets\images\destinations\europe\28th card.avif"
"assets\images\destinations\europe\3.avif"
"assets\images\destinations\europe\4.avif"
"assets\images\destinations\europe\5.avif"
"assets\images\destinations\europe\6.avif"
"assets\images\destinations\europe\7.avif"
"assets\images\destinations\europe\8.avif"
"assets\images\destinations\europe\9.avif"
"assets\images\destinations\northamerica\1.avif"
"assets\images\destinations\northamerica\10.avif"
"assets\images\destinations\northamerica\11.avif"
"assets\images\destinations\northamerica\12.avif"
"assets\images\destinations\northamerica\13.avif"
"assets\images\destinations\northamerica\14.avif"
"assets\images\destinations\northamerica\15.avif"
"assets\images\destinations\northamerica\16.avif"
"assets\images\destinations\northamerica\17.avif"
"assets\images\destinations\northamerica\18.avif"
"assets\images\destinations\northamerica\19.avif"
"assets\images\destinations\northamerica\2.avif"
"assets\images\destinations\northamerica\20.avif"
"assets\images\destinations\northamerica\21.avif"
"assets\images\destinations\northamerica\22.avif"
"assets\images\destinations\northamerica\23.avif"
"assets\images\destinations\northamerica\24.avif"
"assets\images\destinations\northamerica\25.avif"
"assets\images\destinations\northamerica\26.avif"
"assets\images\destinations\northamerica\27.avif"
"assets\images\destinations\northamerica\28th card.avif"
"assets\images\destinations\northamerica\3.avif"
"assets\images\destinations\northamerica\4.avif"
"assets\images\destinations\northamerica\5.avif"
"assets\images\destinations\northamerica\6.avif"
"assets\images\destinations\northamerica\7.avif"
"assets\images\destinations\northamerica\8.avif"
"assets\images\destinations\northamerica\9.avif"
"assets\images\destinations\southamerica\1.avif"
"assets\images\destinations\southamerica\10.avif"
"assets\images\destinations\southamerica\11.avif"
"assets\images\destinations\southamerica\12.avif"
"assets\images\destinations\southamerica\13.avif"
"assets\images\destinations\southamerica\14.avif"
"assets\images\destinations\southamerica\15.avif"
"assets\images\destinations\southamerica\16.avif"
"assets\images\destinations\southamerica\17.avif"
"assets\images\destinations\southamerica\18.avif"
"assets\images\destinations\southamerica\19.avif"
"assets\images\destinations\southamerica\2.avif"
"assets\images\destinations\southamerica\20.avif"
"assets\images\destinations\southamerica\21.avif"
"assets\images\destinations\southamerica\22.avif"
"assets\images\destinations\southamerica\23.avif"
"assets\images\destinations\southamerica\24.avif"
"assets\images\destinations\southamerica\25.avif"
"assets\images\destinations\southamerica\26.avif"
"assets\images\destinations\southamerica\27.avif"
"assets\images\destinations\southamerica\28th card.avif"
"assets\images\destinations\southamerica\3.avif"
"assets\images\destinations\southamerica\4.avif"
"assets\images\destinations\southamerica\5.avif"
"assets\images\destinations\southamerica\6.avif"
"assets\images\destinations\southamerica\7.avif"
"assets\images\destinations\southamerica\8.avif"
"assets\images\destinations\southamerica\9.avif"
